CREATE TABLE VEM_SER.PAIS(
    ID_PAIS NUMBER NOT NULL,
    NOME VARCHAR2(50) UNIQUE NOT NULL,
    PRIMARY KEY (ID_PAIS)
);

CREATE SEQUENCE VEM_SER.SEQ_PAIS
START WITH 1
INCREMENT BY 1
nocache
nocycle;

CREATE TABLE VEM_SER.ESTADO(
    ID_ESTADO NUMBER NOT NULL,
    ID_PAIS NUMBER NOT NULL,
    NOME VARCHAR2(50) UNIQUE NOT NULL,
    PRIMARY KEY (ID_ESTADO),
    CONSTRAINT FK_ID_PAIS FOREIGN KEY ( ID_PAIS ) REFERENCES PAIS( ID_PAIS )
);

CREATE SEQUENCE VEM_SER.SEQ_ESTADO
START WITH 1
INCREMENT BY 1
nocache
nocycle;

CREATE TABLE VEM_SER.CIDADE(
    ID_CIDADE NUMBER NOT NULL,
    ID_ESTADO NUMBER NOT NULL,
    NOME VARCHAR2(50) UNIQUE NOT NULL,
    PRIMARY KEY (ID_CIDADE),
    CONSTRAINT FK_ID_ESTADO FOREIGN KEY ( ID_ESTADO ) REFERENCES ESTADO( ID_ESTADO )
);

CREATE SEQUENCE VEM_SER.SEQ_CIDADE
START WITH 1
INCREMENT BY 1
nocache
nocycle;

CREATE TABLE VEM_SER.BAIRRO(
    ID_BAIRRO NUMBER NOT NULL,
    ID_CIDADE NUMBER NOT NULL,
    ID_ESTADO NUMBER NOT NULL,
    NOME VARCHAR2(50) UNIQUE NOT NULL,
    PRIMARY KEY (ID_BAIRRO),
    CONSTRAINT FK_ID_CIDADE FOREIGN KEY ( ID_CIDADE ) REFERENCES CIDADE( ID_CIDADE ),
    CONSTRAINT FK_ID_ESTADO_BAIRRO FOREIGN KEY ( ID_ESTADO ) REFERENCES ESTADO( ID_ESTADO )
);

CREATE SEQUENCE VEM_SER.SEQ_BAIRRO
START WITH 1
INCREMENT BY 1
nocache
nocycle;

CREATE TABLE VEM_SER.ENDERECO(
	ID_ENDERECO NUMBER NOT NULL,
    ID_BAIRRO NUMBER NOT NULL,
    ID_CIDADE NUMBER NOT NULL,
    LOGRADOURO VARCHAR2(255) NOT NULL,
    NUMERO NUMBER NOT NULL,
    COMPLEMENTO VARCHAR2(100),
    CEP CHAR(9),
    PRIMARY KEY (ID_ENDERECO),
    CONSTRAINT FK_ID_CIDADE_ENDERECO FOREIGN KEY ( ID_CIDADE ) REFERENCES CIDADE( ID_CIDADE ),
    CONSTRAINT FK_ID_BAIRRO FOREIGN KEY ( ID_BAIRRO ) REFERENCES BAIRRO( ID_BAIRRO )
);

CREATE SEQUENCE VEM_SER.SEQ_ENDERECO
START WITH 1
INCREMENT BY 1
nocache
nocycle;

INSERT INTO pais(id_pais, nome)
VALUES (001, 'BRASIL')

INSERT INTO pais(id_pais, nome)
VALUES (002, 'ARGENTINA')

SELECT * FROM ENDERECO

INSERT INTO estado(id_estado, id_pais, nome)
VALUES(111, 001, 'SAO PAULO')

INSERT INTO estado(id_estado, id_pais, nome)
VALUES(112, 001, 'RIO DE JANEIRO')

INSERT INTO estado(id_estado, id_pais, nome)
VALUES(221, 002, 'CORDOBA')

INSERT INTO estado(id_estado, id_pais, nome)
VALUES(222, 002, 'SAN JUAN')

INSERT INTO cidade(id_cidade, id_estado, nome)
VALUES(11, 111, 'SAO PAULO CAPITAL')

INSERT INTO cidade(id_cidade, id_estado, nome)
VALUES(21, 221, 'SAN JUAN CAPITAL')

INSERT INTO bairro(id_bairro, id_cidade, id_estado, nome)
VALUES(1555, 11, 111, 'JARDIM PAULISTA')

INSERT INTO bairro(id_bairro, id_cidade, id_estado, nome)
VALUES(2555, 21, 221, 'CENTRO')

INSERT INTO endereco(id_endereco, id_bairro, id_cidade, logradouro, numero, complemento, cep)
VALUES(99991, 1555, 11, 'RUA DO COMERCIO', 15, 'apto 5', 121505977)

INSERT INTO endereco(id_endereco, id_bairro, id_cidade, logradouro, numero, complemento, cep)
VALUES(99992, 2555, 21, 'RUA CORRIENTES', 24, 'apto 21', 559822001)